关键字1,关键字2,关键字3,答案
测试1-1,测试1-2,测试1-3,内荣1
测试2-1,测试2-2,测试2-3,内荣22
测试1-1,测试1-2,测试1-3,内荣43
测试2-1,测试2-2,测试2-3,内荣64
测试1-1,测试1-2,测试1-3,内荣85
测试2-1,测试2-2,测试2-3,内荣106
测试1-1,测试1-2,测试1-3,内荣127
测试2-1,测试2-2,测试2-3,内荣148
测试1-1,测试1-2,测试1-3,内荣169
测试2-1,测试2-2,测试2-3,内荣190
测试1-1,测试1-2,测试1-3,内荣211
测试2-1,测试2-2,测试2-3,内荣232
测试1-1,测试1-2,测试1-3,内荣253
测试2-1,测试2-2,测试2-3,内荣274
测试1-1,测试1-2,测试1-3,内荣295
测试2-1,测试2-2,测试2-3,内荣316
测试1-1,测试1-2,测试1-3,内荣337
测试2-1,测试2-2,测试2-3,内荣358
测试1-1,测试1-2,测试1-3,内荣379
测试2-1,测试2-2,测试2-3,内荣400
测试1-1,测试1-2,测试1-3,内荣421
测试2-1,测试2-2,测试2-3,内荣442
测试1-1,测试1-2,测试1-3,内荣463
测试2-1,测试2-2,测试2-3,内荣484
测试1-1,测试1-2,测试1-3,内荣505
测试2-1,测试2-2,测试2-3,内荣526
测试1-1,测试1-2,测试1-3,内荣547
测试2-1,测试2-2,测试2-3,内荣568
测试1-1,测试1-2,测试1-3,内荣589
测试2-1,测试2-2,测试2-3,内荣610
测试1-1,测试1-2,测试1-3,内荣631
测试2-1,测试2-2,测试2-3,内荣652
测试1-1,测试1-2,测试1-3,内荣673
测试2-1,测试2-2,测试2-3,内荣694
测试1-1,测试1-2,测试1-3,内荣715
测试2-1,测试2-2,测试2-3,内荣736
测试1-1,测试1-2,测试1-3,内荣757
测试2-1,测试2-2,测试2-3,内荣778
测试1-1,测试1-2,测试1-3,内荣799
测试2-1,测试2-2,测试2-3,内荣820
测试1-1,测试1-2,测试1-3,内荣841
测试2-1,测试2-2,测试2-3,内荣862
测试1-1,测试1-2,测试1-3,内荣883
测试2-1,测试2-2,测试2-3,内荣904
测试1-1,测试1-2,测试1-3,内荣925
测试2-1,测试2-2,测试2-3,内荣946
测试1-1,测试1-2,测试1-3,内荣967
测试2-1,测试2-2,测试2-3,内荣988
测试1-1,测试1-2,测试1-3,内荣1009
测试2-1,测试2-2,测试2-3,内荣1030
测试1-1,测试1-2,测试1-3,内荣1051
测试2-1,测试2-2,测试2-3,内荣1072
测试1-1,测试1-2,测试1-3,内荣1093
测试2-1,测试2-2,测试2-3,内荣1114
测试1-1,测试1-2,测试1-3,内荣1135
测试2-1,测试2-2,测试2-3,内荣1156
测试1-1,测试1-2,测试1-3,内荣1177
测试2-1,测试2-2,测试2-3,内荣1198
测试1-1,测试1-2,测试1-3,内荣1219
测试2-1,测试2-2,测试2-3,内荣1240
测试1-1,测试1-2,测试1-3,内荣1261
测试2-1,测试2-2,测试2-3,内荣1282
测试1-1,测试1-2,测试1-3,内荣1303
测试2-1,测试2-2,测试2-3,内荣1324
测试1-1,测试1-2,测试1-3,内荣1345
测试2-1,测试2-2,测试2-3,内荣1366
测试1-1,测试1-2,测试1-3,内荣1387
测试2-1,测试2-2,测试2-3,内荣1408
测试1-1,测试1-2,测试1-3,内荣1429
测试2-1,测试2-2,测试2-3,内荣1450
测试1-1,测试1-2,测试1-3,内荣1471
测试2-1,测试2-2,测试2-3,内荣1492
测试1-1,测试1-2,测试1-3,内荣1513
测试2-1,测试2-2,测试2-3,内荣1534
测试1-1,测试1-2,测试1-3,内荣1555
测试2-1,测试2-2,测试2-3,内荣1576
测试1-1,测试1-2,测试1-3,内荣1597
测试2-1,测试2-2,测试2-3,内荣1618
测试1-1,测试1-2,测试1-3,内荣1639
测试2-1,测试2-2,测试2-3,内荣1660
测试1-1,测试1-2,测试1-3,内荣1681
测试2-1,测试2-2,测试2-3,内荣1702
测试1-1,测试1-2,测试1-3,内荣1723
测试2-1,测试2-2,测试2-3,内荣1744
测试1-1,测试1-2,测试1-3,内荣1765
测试2-1,测试2-2,测试2-3,内荣1786
测试1-1,测试1-2,测试1-3,内荣1807
测试2-1,测试2-2,测试2-3,内荣1828
测试1-1,测试1-2,测试1-3,内荣1849
测试2-1,测试2-2,测试2-3,内荣1870
测试1-1,测试1-2,测试1-3,内荣1891
测试2-1,测试2-2,测试2-3,内荣1912
测试1-1,测试1-2,测试1-3,内荣1933
测试2-1,测试2-2,测试2-3,内荣1954
测试1-1,测试1-2,测试1-3,内荣1975
测试2-1,测试2-2,测试2-3,内荣1996
测试1-1,测试1-2,测试1-3,内荣2017
测试2-1,测试2-2,测试2-3,内荣2038
测试1-1,测试1-2,测试1-3,内荣2059
测试2-1,测试2-2,测试2-3,内荣2080
测试1-1,测试1-2,测试1-3,内荣2101
测试2-1,测试2-2,测试2-3,内荣2122
测试1-1,测试1-2,测试1-3,内荣2143
测试2-1,测试2-2,测试2-3,内荣2164
测试1-1,测试1-2,测试1-3,内荣2185
测试2-1,测试2-2,测试2-3,内荣2206
测试1-1,测试1-2,测试1-3,内荣2227
测试2-1,测试2-2,测试2-3,内荣2248
测试1-1,测试1-2,测试1-3,内荣2269
测试2-1,测试2-2,测试2-3,内荣2290
测试1-1,测试1-2,测试1-3,内荣2311
测试2-1,测试2-2,测试2-3,内荣2332
测试1-1,测试1-2,测试1-3,内荣2353
测试2-1,测试2-2,测试2-3,内荣2374
测试1-1,测试1-2,测试1-3,内荣2395
测试2-1,测试2-2,测试2-3,内荣2416
测试1-1,测试1-2,测试1-3,内荣2437
测试2-1,测试2-2,测试2-3,内荣2458
测试1-1,测试1-2,测试1-3,内荣2479
测试2-1,测试2-2,测试2-3,内荣2500
测试1-1,测试1-2,测试1-3,内荣2521
测试2-1,测试2-2,测试2-3,内荣2542
测试1-1,测试1-2,测试1-3,内荣2563
测试2-1,测试2-2,测试2-3,内荣2584
测试1-1,测试1-2,测试1-3,内荣2605
测试2-1,测试2-2,测试2-3,内荣2626
测试1-1,测试1-2,测试1-3,内荣2647
测试2-1,测试2-2,测试2-3,内荣2668
测试1-1,测试1-2,测试1-3,内荣2689
测试2-1,测试2-2,测试2-3,内荣2710
测试1-1,测试1-2,测试1-3,内荣2731
测试2-1,测试2-2,测试2-3,内荣2752
测试1-1,测试1-2,测试1-3,内荣2773
测试2-1,测试2-2,测试2-3,内荣2794
测试1-1,测试1-2,测试1-3,内荣2815
测试2-1,测试2-2,测试2-3,内荣2836
测试1-1,测试1-2,测试1-3,内荣2857
测试2-1,测试2-2,测试2-3,内荣2878
测试1-1,测试1-2,测试1-3,内荣2899
测试2-1,测试2-2,测试2-3,内荣2920
测试1-1,测试1-2,测试1-3,内荣2941
测试2-1,测试2-2,测试2-3,内荣2962
测试1-1,测试1-2,测试1-3,内荣2983
测试2-1,测试2-2,测试2-3,内荣3004
测试1-1,测试1-2,测试1-3,内荣3025
测试2-1,测试2-2,测试2-3,内荣3046
测试1-1,测试1-2,测试1-3,内荣3067
测试2-1,测试2-2,测试2-3,内荣3088
测试1-1,测试1-2,测试1-3,内荣3109
测试2-1,测试2-2,测试2-3,内荣3130
测试1-1,测试1-2,测试1-3,内荣3151
测试2-1,测试2-2,测试2-3,内荣3172
测试1-1,测试1-2,测试1-3,内荣3193
测试2-1,测试2-2,测试2-3,内荣3214
测试1-1,测试1-2,测试1-3,内荣3235
测试2-1,测试2-2,测试2-3,内荣3256
测试1-1,测试1-2,测试1-3,内荣3277
测试2-1,测试2-2,测试2-3,内荣3298
测试1-1,测试1-2,测试1-3,内荣3319
测试2-1,测试2-2,测试2-3,内荣3340
测试1-1,测试1-2,测试1-3,内荣3361
测试2-1,测试2-2,测试2-3,内荣3382
测试1-1,测试1-2,测试1-3,内荣3403
测试2-1,测试2-2,测试2-3,内荣3424
测试1-1,测试1-2,测试1-3,内荣3445
测试2-1,测试2-2,测试2-3,内荣3466
测试1-1,测试1-2,测试1-3,内荣3487
测试2-1,测试2-2,测试2-3,内荣3508
测试1-1,测试1-2,测试1-3,内荣3529
测试2-1,测试2-2,测试2-3,内荣3550
测试1-1,测试1-2,测试1-3,内荣3571
测试2-1,测试2-2,测试2-3,内荣3592
测试1-1,测试1-2,测试1-3,内荣3613
测试2-1,测试2-2,测试2-3,内荣3634
测试1-1,测试1-2,测试1-3,内荣3655
测试2-1,测试2-2,测试2-3,内荣3676
测试1-1,测试1-2,测试1-3,内荣3697
测试2-1,测试2-2,测试2-3,内荣3718
测试1-1,测试1-2,测试1-3,内荣3739
测试2-1,测试2-2,测试2-3,内荣3760
测试1-1,测试1-2,测试1-3,内荣3781
测试2-1,测试2-2,测试2-3,内荣3802
测试1-1,测试1-2,测试1-3,内荣3823
测试2-1,测试2-2,测试2-3,内荣3844
测试1-1,测试1-2,测试1-3,内荣3865
测试2-1,测试2-2,测试2-3,内荣3886
测试1-1,测试1-2,测试1-3,内荣3907
测试2-1,测试2-2,测试2-3,内荣3928
测试1-1,测试1-2,测试1-3,内荣3949
测试2-1,测试2-2,测试2-3,内荣3970
测试1-1,测试1-2,测试1-3,内荣3991
测试2-1,测试2-2,测试2-3,内荣4012
测试1-1,测试1-2,测试1-3,内荣4033
测试2-1,测试2-2,测试2-3,内荣4054
测试1-1,测试1-2,测试1-3,内荣4075
测试2-1,测试2-2,测试2-3,内荣4096
测试1-1,测试1-2,测试1-3,内荣4117
测试2-1,测试2-2,测试2-3,内荣4138
测试1-1,测试1-2,测试1-3,内荣4159
测试2-1,测试2-2,测试2-3,内荣4180
测试1-1,测试1-2,测试1-3,内荣4201
测试2-1,测试2-2,测试2-3,内荣4222
测试1-1,测试1-2,测试1-3,内荣4243
测试2-1,测试2-2,测试2-3,内荣4264
测试1-1,测试1-2,测试1-3,内荣4285
测试2-1,测试2-2,测试2-3,内荣4306
测试1-1,测试1-2,测试1-3,内荣4327
测试2-1,测试2-2,测试2-3,内荣4348
测试1-1,测试1-2,测试1-3,内荣4369
测试2-1,测试2-2,测试2-3,内荣4390
测试1-1,测试1-2,测试1-3,内荣4411
测试2-1,测试2-2,测试2-3,内荣4432
测试1-1,测试1-2,测试1-3,内荣4453
测试2-1,测试2-2,测试2-3,内荣4474
测试1-1,测试1-2,测试1-3,内荣4495
测试2-1,测试2-2,测试2-3,内荣4516
测试1-1,测试1-2,测试1-3,内荣4537
测试2-1,测试2-2,测试2-3,内荣4558
测试1-1,测试1-2,测试1-3,内荣4579
测试2-1,测试2-2,测试2-3,内荣4600
测试1-1,测试1-2,测试1-3,内荣4621
测试2-1,测试2-2,测试2-3,内荣4642
测试1-1,测试1-2,测试1-3,内荣4663
测试2-1,测试2-2,测试2-3,内荣4684
测试1-1,测试1-2,测试1-3,内荣4705
测试2-1,测试2-2,测试2-3,内荣4726
测试1-1,测试1-2,测试1-3,内荣4747
测试2-1,测试2-2,测试2-3,内荣4768
测试1-1,测试1-2,测试1-3,内荣4789
测试2-1,测试2-2,测试2-3,内荣4810
测试1-1,测试1-2,测试1-3,内荣4831
测试2-1,测试2-2,测试2-3,内荣4852
测试1-1,测试1-2,测试1-3,内荣4873
测试2-1,测试2-2,测试2-3,内荣4894
测试1-1,测试1-2,测试1-3,内荣4915
测试2-1,测试2-2,测试2-3,内荣4936
测试1-1,测试1-2,测试1-3,内荣4957
测试2-1,测试2-2,测试2-3,内荣4978
测试1-1,测试1-2,测试1-3,内荣4999
测试2-1,测试2-2,测试2-3,内荣5020
测试1-1,测试1-2,测试1-3,内荣5041
测试2-1,测试2-2,测试2-3,内荣5062
测试1-1,测试1-2,测试1-3,内荣5083
测试2-1,测试2-2,测试2-3,内荣5104
测试1-1,测试1-2,测试1-3,内荣5125
测试2-1,测试2-2,测试2-3,内荣5146
测试1-1,测试1-2,测试1-3,内荣5167
测试2-1,测试2-2,测试2-3,内荣5188
测试1-1,测试1-2,测试1-3,内荣5209
测试2-1,测试2-2,测试2-3,内荣5230
测试1-1,测试1-2,测试1-3,内荣5251
测试2-1,测试2-2,测试2-3,内荣5272
测试1-1,测试1-2,测试1-3,内荣5293
测试2-1,测试2-2,测试2-3,内荣5314
测试1-1,测试1-2,测试1-3,内荣5335
测试2-1,测试2-2,测试2-3,内荣5356
测试1-1,测试1-2,测试1-3,内荣5377
测试2-1,测试2-2,测试2-3,内荣5398
测试1-1,测试1-2,测试1-3,内荣5419
测试2-1,测试2-2,测试2-3,内荣5440
测试1-1,测试1-2,测试1-3,内荣5461
测试2-1,测试2-2,测试2-3,内荣5482
测试1-1,测试1-2,测试1-3,内荣5503
测试2-1,测试2-2,测试2-3,内荣5524
测试1-1,测试1-2,测试1-3,内荣5545
测试2-1,测试2-2,测试2-3,内荣5566
测试1-1,测试1-2,测试1-3,内荣5587
测试2-1,测试2-2,测试2-3,内荣5608
测试1-1,测试1-2,测试1-3,内荣5629
测试2-1,测试2-2,测试2-3,内荣5650
测试1-1,测试1-2,测试1-3,内荣5671
测试2-1,测试2-2,测试2-3,内荣5692
测试1-1,测试1-2,测试1-3,内荣5713
测试2-1,测试2-2,测试2-3,内荣5734
测试1-1,测试1-2,测试1-3,内荣5755
测试2-1,测试2-2,测试2-3,内荣5776
测试1-1,测试1-2,测试1-3,内荣5797
测试2-1,测试2-2,测试2-3,内荣5818
测试1-1,测试1-2,测试1-3,内荣5839
测试2-1,测试2-2,测试2-3,内荣5860
测试1-1,测试1-2,测试1-3,内荣5881
测试2-1,测试2-2,测试2-3,内荣5902
测试1-1,测试1-2,测试1-3,内荣5923
测试2-1,测试2-2,测试2-3,内荣5944
测试1-1,测试1-2,测试1-3,内荣5965
测试2-1,测试2-2,测试2-3,内荣5986
测试1-1,测试1-2,测试1-3,内荣6007
测试2-1,测试2-2,测试2-3,内荣6028
测试1-1,测试1-2,测试1-3,内荣6049
测试2-1,测试2-2,测试2-3,内荣6070
测试1-1,测试1-2,测试1-3,内荣6091
测试2-1,测试2-2,测试2-3,内荣6112
测试1-1,测试1-2,测试1-3,内荣6133
测试2-1,测试2-2,测试2-3,内荣6154
测试1-1,测试1-2,测试1-3,内荣6175
测试2-1,测试2-2,测试2-3,内荣6196
测试1-1,测试1-2,测试1-3,内荣6217
测试2-1,测试2-2,测试2-3,内荣6238
测试1-1,测试1-2,测试1-3,内荣6259
测试2-1,测试2-2,测试2-3,内荣6280
测试1-1,测试1-2,测试1-3,内荣6301
测试2-1,测试2-2,测试2-3,内荣6322
测试1-1,测试1-2,测试1-3,内荣6343
测试2-1,测试2-2,测试2-3,内荣6364
测试1-1,测试1-2,测试1-3,内荣6385
测试2-1,测试2-2,测试2-3,内荣6406
测试1-1,测试1-2,测试1-3,内荣6427
测试2-1,测试2-2,测试2-3,内荣6448
测试1-1,测试1-2,测试1-3,内荣6469
测试2-1,测试2-2,测试2-3,内荣6490
测试1-1,测试1-2,测试1-3,内荣6511
测试2-1,测试2-2,测试2-3,内荣6532
测试1-1,测试1-2,测试1-3,内荣6553
测试2-1,测试2-2,测试2-3,内荣6574
测试1-1,测试1-2,测试1-3,内荣6595
测试2-1,测试2-2,测试2-3,内荣6616
测试1-1,测试1-2,测试1-3,内荣6637
测试2-1,测试2-2,测试2-3,内荣6658
测试1-1,测试1-2,测试1-3,内荣6679
测试2-1,测试2-2,测试2-3,内荣6700
测试1-1,测试1-2,测试1-3,内荣6721
测试2-1,测试2-2,测试2-3,内荣6742
测试1-1,测试1-2,测试1-3,内荣6763
测试2-1,测试2-2,测试2-3,内荣6784
测试1-1,测试1-2,测试1-3,内荣6805
测试2-1,测试2-2,测试2-3,内荣6826
测试1-1,测试1-2,测试1-3,内荣6847
测试2-1,测试2-2,测试2-3,内荣6868
测试1-1,测试1-2,测试1-3,内荣6889
测试2-1,测试2-2,测试2-3,内荣6910
测试1-1,测试1-2,测试1-3,内荣6931
测试2-1,测试2-2,测试2-3,内荣6952
测试1-1,测试1-2,测试1-3,内荣6973
测试2-1,测试2-2,测试2-3,内荣6994
测试1-1,测试1-2,测试1-3,内荣7015
测试2-1,测试2-2,测试2-3,内荣7036
测试1-1,测试1-2,测试1-3,内荣7057
测试2-1,测试2-2,测试2-3,内荣7078
测试1-1,测试1-2,测试1-3,内荣7099
测试2-1,测试2-2,测试2-3,内荣7120
测试1-1,测试1-2,测试1-3,内荣7141
测试2-1,测试2-2,测试2-3,内荣7162
测试1-1,测试1-2,测试1-3,内荣7183
测试2-1,测试2-2,测试2-3,内荣7204
测试1-1,测试1-2,测试1-3,内荣7225
测试2-1,测试2-2,测试2-3,内荣7246
测试1-1,测试1-2,测试1-3,内荣7267
测试2-1,测试2-2,测试2-3,内荣7288
测试1-1,测试1-2,测试1-3,内荣7309
测试2-1,测试2-2,测试2-3,内荣7330
测试1-1,测试1-2,测试1-3,内荣7351
测试2-1,测试2-2,测试2-3,内荣7372
测试1-1,测试1-2,测试1-3,内荣7393
测试2-1,测试2-2,测试2-3,内荣7414
测试1-1,测试1-2,测试1-3,内荣7435
测试2-1,测试2-2,测试2-3,内荣7456
测试1-1,测试1-2,测试1-3,内荣7477
测试2-1,测试2-2,测试2-3,内荣7498
测试1-1,测试1-2,测试1-3,内荣7519
测试2-1,测试2-2,测试2-3,内荣7540
测试1-1,测试1-2,测试1-3,内荣7561
测试2-1,测试2-2,测试2-3,内荣7582
测试1-1,测试1-2,测试1-3,内荣7603
测试2-1,测试2-2,测试2-3,内荣7624
测试1-1,测试1-2,测试1-3,内荣7645
测试2-1,测试2-2,测试2-3,内荣7666
测试1-1,测试1-2,测试1-3,内荣7687
测试2-1,测试2-2,测试2-3,内荣7708
测试1-1,测试1-2,测试1-3,内荣7729
测试2-1,测试2-2,测试2-3,内荣7750
测试1-1,测试1-2,测试1-3,内荣7771
测试2-1,测试2-2,测试2-3,内荣7792
测试1-1,测试1-2,测试1-3,内荣7813
测试2-1,测试2-2,测试2-3,内荣7834
测试1-1,测试1-2,测试1-3,内荣7855
测试2-1,测试2-2,测试2-3,内荣7876
测试1-1,测试1-2,测试1-3,内荣7897
测试2-1,测试2-2,测试2-3,内荣7918
测试1-1,测试1-2,测试1-3,内荣7939
测试2-1,测试2-2,测试2-3,内荣7960
测试1-1,测试1-2,测试1-3,内荣7981
测试2-1,测试2-2,测试2-3,内荣8002
测试1-1,测试1-2,测试1-3,内荣8023
测试2-1,测试2-2,测试2-3,内荣8044
测试1-1,测试1-2,测试1-3,内荣8065
测试2-1,测试2-2,测试2-3,内荣8086
测试1-1,测试1-2,测试1-3,内荣8107
测试2-1,测试2-2,测试2-3,内荣8128
测试1-1,测试1-2,测试1-3,内荣8149
测试2-1,测试2-2,测试2-3,内荣8170
测试1-1,测试1-2,测试1-3,内荣8191
测试2-1,测试2-2,测试2-3,内荣8212
测试1-1,测试1-2,测试1-3,内荣8233
测试2-1,测试2-2,测试2-3,内荣8254
测试1-1,测试1-2,测试1-3,内荣8275
测试2-1,测试2-2,测试2-3,内荣8296
测试1-1,测试1-2,测试1-3,内荣8317
测试2-1,测试2-2,测试2-3,内荣8338
测试1-1,测试1-2,测试1-3,内荣8359
测试2-1,测试2-2,测试2-3,内荣8380
测试1-1,测试1-2,测试1-3,内荣8401
测试2-1,测试2-2,测试2-3,内荣8422
测试1-1,测试1-2,测试1-3,内荣8443
测试2-1,测试2-2,测试2-3,内荣8464
测试1-1,测试1-2,测试1-3,内荣8485
测试2-1,测试2-2,测试2-3,内荣8506
测试1-1,测试1-2,测试1-3,内荣8527
测试2-1,测试2-2,测试2-3,内荣8548
测试1-1,测试1-2,测试1-3,内荣8569
测试2-1,测试2-2,测试2-3,内荣8590
测试1-1,测试1-2,测试1-3,内荣8611
测试2-1,测试2-2,测试2-3,内荣8632
测试1-1,测试1-2,测试1-3,内荣8653
测试2-1,测试2-2,测试2-3,内荣8674
测试1-1,测试1-2,测试1-3,内荣8695
测试2-1,测试2-2,测试2-3,内荣8716
测试1-1,测试1-2,测试1-3,内荣8737
测试2-1,测试2-2,测试2-3,内荣8758
测试1-1,测试1-2,测试1-3,内荣8779
测试2-1,测试2-2,测试2-3,内荣8800
测试1-1,测试1-2,测试1-3,内荣8821
测试2-1,测试2-2,测试2-3,内荣8842
测试1-1,测试1-2,测试1-3,内荣8863
测试2-1,测试2-2,测试2-3,内荣8884
测试1-1,测试1-2,测试1-3,内荣8905
测试2-1,测试2-2,测试2-3,内荣8926
测试1-1,测试1-2,测试1-3,内荣8947
测试2-1,测试2-2,测试2-3,内荣8968
测试1-1,测试1-2,测试1-3,内荣8989
测试2-1,测试2-2,测试2-3,内荣9010
测试1-1,测试1-2,测试1-3,内荣9031
测试2-1,测试2-2,测试2-3,内荣9052
测试1-1,测试1-2,测试1-3,内荣9073
测试2-1,测试2-2,测试2-3,内荣9094
测试1-1,测试1-2,测试1-3,内荣9115
测试2-1,测试2-2,测试2-3,内荣9136
测试1-1,测试1-2,测试1-3,内荣9157
测试2-1,测试2-2,测试2-3,内荣9178
测试1-1,测试1-2,测试1-3,内荣9199
测试2-1,测试2-2,测试2-3,内荣9220
测试1-1,测试1-2,测试1-3,内荣9241
测试2-1,测试2-2,测试2-3,内荣9262
测试1-1,测试1-2,测试1-3,内荣9283
测试2-1,测试2-2,测试2-3,内荣9304
测试1-1,测试1-2,测试1-3,内荣9325
测试2-1,测试2-2,测试2-3,内荣9346
测试1-1,测试1-2,测试1-3,内荣9367
测试2-1,测试2-2,测试2-3,内荣9388
测试1-1,测试1-2,测试1-3,内荣9409
测试2-1,测试2-2,测试2-3,内荣9430
测试1-1,测试1-2,测试1-3,内荣9451
测试2-1,测试2-2,测试2-3,内荣9472
测试1-1,测试1-2,测试1-3,内荣9493
测试2-1,测试2-2,测试2-3,内荣9514
测试1-1,测试1-2,测试1-3,内荣9535
测试2-1,测试2-2,测试2-3,内荣9556
测试1-1,测试1-2,测试1-3,内荣9577
测试2-1,测试2-2,测试2-3,内荣9598
测试1-1,测试1-2,测试1-3,内荣9619
测试2-1,测试2-2,测试2-3,内荣9640
测试1-1,测试1-2,测试1-3,内荣9661
测试2-1,测试2-2,测试2-3,内荣9682
测试1-1,测试1-2,测试1-3,内荣9703
测试2-1,测试2-2,测试2-3,内荣9724
测试1-1,测试1-2,测试1-3,内荣9745
测试2-1,测试2-2,测试2-3,内荣9766
测试1-1,测试1-2,测试1-3,内荣9787
测试2-1,测试2-2,测试2-3,内荣9808
测试1-1,测试1-2,测试1-3,内荣9829
测试2-1,测试2-2,测试2-3,内荣9850
测试1-1,测试1-2,测试1-3,内荣9871
测试2-1,测试2-2,测试2-3,内荣9892
测试1-1,测试1-2,测试1-3,内荣9913
测试2-1,测试2-2,测试2-3,内荣9934
测试1-1,测试1-2,测试1-3,内荣9955
测试2-1,测试2-2,测试2-3,内荣9976
测试1-1,测试1-2,测试1-3,内荣9997
测试2-1,测试2-2,测试2-3,内荣10018
测试1-1,测试1-2,测试1-3,内荣10039
测试2-1,测试2-2,测试2-3,内荣10060
测试1-1,测试1-2,测试1-3,内荣10081
测试2-1,测试2-2,测试2-3,内荣10102
测试1-1,测试1-2,测试1-3,内荣10123
测试2-1,测试2-2,测试2-3,内荣10144
测试1-1,测试1-2,测试1-3,内荣10165
测试2-1,测试2-2,测试2-3,内荣10186
测试1-1,测试1-2,测试1-3,内荣10207
测试2-1,测试2-2,测试2-3,内荣10228
测试1-1,测试1-2,测试1-3,内荣10249
测试2-1,测试2-2,测试2-3,内荣10270
测试1-1,测试1-2,测试1-3,内荣10291
测试2-1,测试2-2,测试2-3,内荣10312
测试1-1,测试1-2,测试1-3,内荣10333
测试2-1,测试2-2,测试2-3,内荣10354
测试1-1,测试1-2,测试1-3,内荣10375
测试2-1,测试2-2,测试2-3,内荣10396
测试1-1,测试1-2,测试1-3,内荣10417
测试2-1,测试2-2,测试2-3,内荣10438
测试1-1,测试1-2,测试1-3,内荣10459
测试2-1,测试2-2,测试2-3,内荣10480
测试1-1,测试1-2,测试1-3,内荣10501
测试2-1,测试2-2,测试2-3,内荣10522
测试1-1,测试1-2,测试1-3,内荣10543
测试2-1,测试2-2,测试2-3,内荣10564
测试1-1,测试1-2,测试1-3,内荣10585
测试2-1,测试2-2,测试2-3,内荣10606
测试1-1,测试1-2,测试1-3,内荣10627
测试2-1,测试2-2,测试2-3,内荣10648
测试1-1,测试1-2,测试1-3,内荣10669
测试2-1,测试2-2,测试2-3,内荣10690
测试1-1,测试1-2,测试1-3,内荣10711
测试2-1,测试2-2,测试2-3,内荣10732
测试1-1,测试1-2,测试1-3,内荣10753
测试2-1,测试2-2,测试2-3,内荣10774
测试1-1,测试1-2,测试1-3,内荣10795
测试2-1,测试2-2,测试2-3,内荣10816
测试1-1,测试1-2,测试1-3,内荣10837
测试2-1,测试2-2,测试2-3,内荣10858
测试1-1,测试1-2,测试1-3,内荣10879
测试2-1,测试2-2,测试2-3,内荣10900
测试1-1,测试1-2,测试1-3,内荣10921
测试2-1,测试2-2,测试2-3,内荣10942
测试1-1,测试1-2,测试1-3,内荣10963
测试2-1,测试2-2,测试2-3,内荣10984
测试1-1,测试1-2,测试1-3,内荣11005
测试2-1,测试2-2,测试2-3,内荣11026
测试1-1,测试1-2,测试1-3,内荣11047
测试2-1,测试2-2,测试2-3,内荣11068
测试1-1,测试1-2,测试1-3,内荣11089
测试2-1,测试2-2,测试2-3,内荣11110
测试1-1,测试1-2,测试1-3,内荣11131
测试2-1,测试2-2,测试2-3,内荣11152
测试1-1,测试1-2,测试1-3,内荣11173
测试2-1,测试2-2,测试2-3,内荣11194
测试1-1,测试1-2,测试1-3,内荣11215
测试2-1,测试2-2,测试2-3,内荣11236
测试1-1,测试1-2,测试1-3,内荣11257
测试2-1,测试2-2,测试2-3,内荣11278
测试1-1,测试1-2,测试1-3,内荣11299
测试2-1,测试2-2,测试2-3,内荣11320
测试1-1,测试1-2,测试1-3,内荣11341
测试2-1,测试2-2,测试2-3,内荣11362
测试1-1,测试1-2,测试1-3,内荣11383
测试2-1,测试2-2,测试2-3,内荣11404
测试1-1,测试1-2,测试1-3,内荣11425
测试2-1,测试2-2,测试2-3,内荣11446
测试1-1,测试1-2,测试1-3,内荣11467
测试2-1,测试2-2,测试2-3,内荣11488
测试1-1,测试1-2,测试1-3,内荣11509
测试2-1,测试2-2,测试2-3,内荣11530
测试1-1,测试1-2,测试1-3,内荣11551
测试2-1,测试2-2,测试2-3,内荣11572
测试1-1,测试1-2,测试1-3,内荣11593
测试2-1,测试2-2,测试2-3,内荣11614
测试1-1,测试1-2,测试1-3,内荣11635
测试2-1,测试2-2,测试2-3,内荣11656
测试1-1,测试1-2,测试1-3,内荣11677
测试2-1,测试2-2,测试2-3,内荣11698
测试1-1,测试1-2,测试1-3,内荣11719
测试2-1,测试2-2,测试2-3,内荣11740
测试1-1,测试1-2,测试1-3,内荣11761
测试2-1,测试2-2,测试2-3,内荣11782
测试1-1,测试1-2,测试1-3,内荣11803
测试2-1,测试2-2,测试2-3,内荣11824
测试1-1,测试1-2,测试1-3,内荣11845
测试2-1,测试2-2,测试2-3,内荣11866
测试1-1,测试1-2,测试1-3,内荣11887
测试2-1,测试2-2,测试2-3,内荣11908
测试1-1,测试1-2,测试1-3,内荣11929
测试2-1,测试2-2,测试2-3,内荣11950
测试1-1,测试1-2,测试1-3,内荣11971
测试2-1,测试2-2,测试2-3,内荣11992
测试1-1,测试1-2,测试1-3,内荣12013
测试2-1,测试2-2,测试2-3,内荣12034
测试1-1,测试1-2,测试1-3,内荣12055
测试2-1,测试2-2,测试2-3,内荣12076
测试1-1,测试1-2,测试1-3,内荣12097
测试2-1,测试2-2,测试2-3,内荣12118
测试1-1,测试1-2,测试1-3,内荣12139
测试2-1,测试2-2,测试2-3,内荣12160
测试1-1,测试1-2,测试1-3,内荣12181
测试2-1,测试2-2,测试2-3,内荣12202
测试1-1,测试1-2,测试1-3,内荣12223
测试2-1,测试2-2,测试2-3,内荣12244
测试1-1,测试1-2,测试1-3,内荣12265
测试2-1,测试2-2,测试2-3,内荣12286
测试1-1,测试1-2,测试1-3,内荣12307
测试2-1,测试2-2,测试2-3,内荣12328
测试1-1,测试1-2,测试1-3,内荣12349
测试2-1,测试2-2,测试2-3,内荣12370
测试1-1,测试1-2,测试1-3,内荣12391
测试2-1,测试2-2,测试2-3,内荣12412
测试1-1,测试1-2,测试1-3,内荣12433
测试2-1,测试2-2,测试2-3,内荣12454
测试1-1,测试1-2,测试1-3,内荣12475
测试2-1,测试2-2,测试2-3,内荣12496
测试1-1,测试1-2,测试1-3,内荣12517
测试2-1,测试2-2,测试2-3,内荣12538
测试1-1,测试1-2,测试1-3,内荣12559
测试2-1,测试2-2,测试2-3,内荣12580
测试1-1,测试1-2,测试1-3,内荣12601
测试2-1,测试2-2,测试2-3,内荣12622
测试1-1,测试1-2,测试1-3,内荣12643
测试2-1,测试2-2,测试2-3,内荣12664
测试1-1,测试1-2,测试1-3,内荣12685
测试2-1,测试2-2,测试2-3,内荣12706
测试1-1,测试1-2,测试1-3,内荣12727
测试2-1,测试2-2,测试2-3,内荣12748
测试1-1,测试1-2,测试1-3,内荣12769
测试2-1,测试2-2,测试2-3,内荣12790
测试1-1,测试1-2,测试1-3,内荣12811
测试2-1,测试2-2,测试2-3,内荣12832
测试1-1,测试1-2,测试1-3,内荣12853
测试2-1,测试2-2,测试2-3,内荣12874
测试1-1,测试1-2,测试1-3,内荣12895
测试2-1,测试2-2,测试2-3,内荣12916
测试1-1,测试1-2,测试1-3,内荣12937
测试2-1,测试2-2,测试2-3,内荣12958
测试1-1,测试1-2,测试1-3,内荣12979
测试2-1,测试2-2,测试2-3,内荣13000
测试1-1,测试1-2,测试1-3,内荣13021
测试2-1,测试2-2,测试2-3,内荣13042
测试1-1,测试1-2,测试1-3,内荣13063
测试2-1,测试2-2,测试2-3,内荣13084
测试1-1,测试1-2,测试1-3,内荣13105
测试2-1,测试2-2,测试2-3,内荣13126
测试1-1,测试1-2,测试1-3,内荣13147
测试2-1,测试2-2,测试2-3,内荣13168
测试1-1,测试1-2,测试1-3,内荣13189
测试2-1,测试2-2,测试2-3,内荣13210
测试1-1,测试1-2,测试1-3,内荣13231
测试2-1,测试2-2,测试2-3,内荣13252
测试1-1,测试1-2,测试1-3,内荣13273
测试2-1,测试2-2,测试2-3,内荣13294
测试1-1,测试1-2,测试1-3,内荣13315
测试2-1,测试2-2,测试2-3,内荣13336
测试1-1,测试1-2,测试1-3,内荣13357
测试2-1,测试2-2,测试2-3,内荣13378
测试1-1,测试1-2,测试1-3,内荣13399
测试2-1,测试2-2,测试2-3,内荣13420
测试1-1,测试1-2,测试1-3,内荣13441
测试2-1,测试2-2,测试2-3,内荣13462
测试1-1,测试1-2,测试1-3,内荣13483
测试2-1,测试2-2,测试2-3,内荣13504
测试1-1,测试1-2,测试1-3,内荣13525
测试2-1,测试2-2,测试2-3,内荣13546
测试1-1,测试1-2,测试1-3,内荣13567
测试2-1,测试2-2,测试2-3,内荣13588
测试1-1,测试1-2,测试1-3,内荣13609
测试2-1,测试2-2,测试2-3,内荣13630
测试1-1,测试1-2,测试1-3,内荣13651
测试2-1,测试2-2,测试2-3,内荣13672
测试1-1,测试1-2,测试1-3,内荣13693
测试2-1,测试2-2,测试2-3,内荣13714
测试1-1,测试1-2,测试1-3,内荣13735
测试2-1,测试2-2,测试2-3,内荣13756
测试1-1,测试1-2,测试1-3,内荣13777
测试2-1,测试2-2,测试2-3,内荣13798
测试1-1,测试1-2,测试1-3,内荣13819
测试2-1,测试2-2,测试2-3,内荣13840
测试1-1,测试1-2,测试1-3,内荣13861
测试2-1,测试2-2,测试2-3,内荣13882
测试1-1,测试1-2,测试1-3,内荣13903
测试2-1,测试2-2,测试2-3,内荣13924
测试1-1,测试1-2,测试1-3,内荣13945
测试2-1,测试2-2,测试2-3,内荣13966
测试1-1,测试1-2,测试1-3,内荣13987
测试2-1,测试2-2,测试2-3,内荣14008
测试1-1,测试1-2,测试1-3,内荣14029
测试2-1,测试2-2,测试2-3,内荣14050
测试1-1,测试1-2,测试1-3,内荣14071
测试2-1,测试2-2,测试2-3,内荣14092
测试1-1,测试1-2,测试1-3,内荣14113
测试2-1,测试2-2,测试2-3,内荣14134
测试1-1,测试1-2,测试1-3,内荣14155
测试2-1,测试2-2,测试2-3,内荣14176
测试1-1,测试1-2,测试1-3,内荣14197
测试2-1,测试2-2,测试2-3,内荣14218
测试1-1,测试1-2,测试1-3,内荣14239
测试2-1,测试2-2,测试2-3,内荣14260
测试1-1,测试1-2,测试1-3,内荣14281
测试2-1,测试2-2,测试2-3,内荣14302
测试1-1,测试1-2,测试1-3,内荣14323
测试2-1,测试2-2,测试2-3,内荣14344
测试1-1,测试1-2,测试1-3,内荣14365
测试2-1,测试2-2,测试2-3,内荣14386
测试1-1,测试1-2,测试1-3,内荣14407
测试2-1,测试2-2,测试2-3,内荣14428
测试1-1,测试1-2,测试1-3,内荣14449
测试2-1,测试2-2,测试2-3,内荣14470
测试1-1,测试1-2,测试1-3,内荣14491
测试2-1,测试2-2,测试2-3,内荣14512
测试1-1,测试1-2,测试1-3,内荣14533
测试2-1,测试2-2,测试2-3,内荣14554
测试1-1,测试1-2,测试1-3,内荣14575
测试2-1,测试2-2,测试2-3,内荣14596
测试1-1,测试1-2,测试1-3,内荣14617
测试2-1,测试2-2,测试2-3,内荣14638
测试1-1,测试1-2,测试1-3,内荣14659
测试2-1,测试2-2,测试2-3,内荣14680
测试1-1,测试1-2,测试1-3,内荣14701
测试2-1,测试2-2,测试2-3,内荣14722
测试1-1,测试1-2,测试1-3,内荣14743
测试2-1,测试2-2,测试2-3,内荣14764
测试1-1,测试1-2,测试1-3,内荣14785
测试2-1,测试2-2,测试2-3,内荣14806
测试1-1,测试1-2,测试1-3,内荣14827
测试2-1,测试2-2,测试2-3,内荣14848
测试1-1,测试1-2,测试1-3,内荣14869
测试2-1,测试2-2,测试2-3,内荣14890
测试1-1,测试1-2,测试1-3,内荣14911
测试2-1,测试2-2,测试2-3,内荣14932
测试1-1,测试1-2,测试1-3,内荣14953
测试2-1,测试2-2,测试2-3,内荣14974
测试1-1,测试1-2,测试1-3,内荣14995
测试2-1,测试2-2,测试2-3,内荣15016
测试1-1,测试1-2,测试1-3,内荣15037
测试2-1,测试2-2,测试2-3,内荣15058
测试1-1,测试1-2,测试1-3,内荣15079
测试2-1,测试2-2,测试2-3,内荣15100
测试1-1,测试1-2,测试1-3,内荣15121
测试2-1,测试2-2,测试2-3,内荣15142
测试1-1,测试1-2,测试1-3,内荣15163
测试2-1,测试2-2,测试2-3,内荣15184
测试1-1,测试1-2,测试1-3,内荣15205
测试2-1,测试2-2,测试2-3,内荣15226
测试1-1,测试1-2,测试1-3,内荣15247
测试2-1,测试2-2,测试2-3,内荣15268
测试1-1,测试1-2,测试1-3,内荣15289
测试2-1,测试2-2,测试2-3,内荣15310
测试1-1,测试1-2,测试1-3,内荣15331
测试2-1,测试2-2,测试2-3,内荣15352
测试1-1,测试1-2,测试1-3,内荣15373
测试2-1,测试2-2,测试2-3,内荣15394
测试1-1,测试1-2,测试1-3,内荣15415
测试2-1,测试2-2,测试2-3,内荣15436
测试1-1,测试1-2,测试1-3,内荣15457
测试2-1,测试2-2,测试2-3,内荣15478
测试1-1,测试1-2,测试1-3,内荣15499
测试2-1,测试2-2,测试2-3,内荣15520
测试1-1,测试1-2,测试1-3,内荣15541
测试2-1,测试2-2,测试2-3,内荣15562
测试1-1,测试1-2,测试1-3,内荣15583
测试2-1,测试2-2,测试2-3,内荣15604
测试1-1,测试1-2,测试1-3,内荣15625
测试2-1,测试2-2,测试2-3,内荣15646
测试1-1,测试1-2,测试1-3,内荣15667
测试2-1,测试2-2,测试2-3,内荣15688
测试1-1,测试1-2,测试1-3,内荣15709
测试2-1,测试2-2,测试2-3,内荣15730
测试1-1,测试1-2,测试1-3,内荣15751
测试2-1,测试2-2,测试2-3,内荣15772
测试1-1,测试1-2,测试1-3,内荣15793
测试2-1,测试2-2,测试2-3,内荣15814
测试1-1,测试1-2,测试1-3,内荣15835
测试2-1,测试2-2,测试2-3,内荣15856
测试1-1,测试1-2,测试1-3,内荣15877
测试2-1,测试2-2,测试2-3,内荣15898
测试1-1,测试1-2,测试1-3,内荣15919
测试2-1,测试2-2,测试2-3,内荣15940
测试1-1,测试1-2,测试1-3,内荣15961
测试2-1,测试2-2,测试2-3,内荣15982
测试1-1,测试1-2,测试1-3,内荣16003
测试2-1,测试2-2,测试2-3,内荣16024
测试1-1,测试1-2,测试1-3,内荣16045
测试2-1,测试2-2,测试2-3,内荣16066
测试1-1,测试1-2,测试1-3,内荣16087
测试2-1,测试2-2,测试2-3,内荣16108
测试1-1,测试1-2,测试1-3,内荣16129
测试2-1,测试2-2,测试2-3,内荣16150
测试1-1,测试1-2,测试1-3,内荣16171
测试2-1,测试2-2,测试2-3,内荣16192
测试1-1,测试1-2,测试1-3,内荣16213
测试2-1,测试2-2,测试2-3,内荣16234
测试1-1,测试1-2,测试1-3,内荣16255
测试2-1,测试2-2,测试2-3,内荣16276
测试1-1,测试1-2,测试1-3,内荣16297
测试2-1,测试2-2,测试2-3,内荣16318
测试1-1,测试1-2,测试1-3,内荣16339
测试2-1,测试2-2,测试2-3,内荣16360
测试1-1,测试1-2,测试1-3,内荣16381
测试2-1,测试2-2,测试2-3,内荣16402
测试1-1,测试1-2,测试1-3,内荣16423
测试2-1,测试2-2,测试2-3,内荣16444
测试1-1,测试1-2,测试1-3,内荣16465
测试2-1,测试2-2,测试2-3,内荣16486
测试1-1,测试1-2,测试1-3,内荣16507
测试2-1,测试2-2,测试2-3,内荣16528
测试1-1,测试1-2,测试1-3,内荣16549
测试2-1,测试2-2,测试2-3,内荣16570
测试1-1,测试1-2,测试1-3,内荣16591
测试2-1,测试2-2,测试2-3,内荣16612
测试1-1,测试1-2,测试1-3,内荣16633
测试2-1,测试2-2,测试2-3,内荣16654
测试1-1,测试1-2,测试1-3,内荣16675
测试2-1,测试2-2,测试2-3,内荣16696
测试1-1,测试1-2,测试1-3,内荣16717
测试2-1,测试2-2,测试2-3,内荣16738
测试1-1,测试1-2,测试1-3,内荣16759
测试2-1,测试2-2,测试2-3,内荣16780
测试1-1,测试1-2,测试1-3,内荣16801
测试2-1,测试2-2,测试2-3,内荣16822
测试1-1,测试1-2,测试1-3,内荣16843
测试2-1,测试2-2,测试2-3,内荣16864
测试1-1,测试1-2,测试1-3,内荣16885
测试2-1,测试2-2,测试2-3,内荣16906
测试1-1,测试1-2,测试1-3,内荣16927
测试2-1,测试2-2,测试2-3,内荣16948
测试1-1,测试1-2,测试1-3,内荣16969
测试2-1,测试2-2,测试2-3,内荣16990
测试1-1,测试1-2,测试1-3,内荣17011
测试2-1,测试2-2,测试2-3,内荣17032
测试1-1,测试1-2,测试1-3,内荣17053
测试2-1,测试2-2,测试2-3,内荣17074
测试1-1,测试1-2,测试1-3,内荣17095
测试2-1,测试2-2,测试2-3,内荣17116
测试1-1,测试1-2,测试1-3,内荣17137
测试2-1,测试2-2,测试2-3,内荣17158
测试1-1,测试1-2,测试1-3,内荣17179
测试2-1,测试2-2,测试2-3,内荣17200
测试1-1,测试1-2,测试1-3,内荣17221
测试2-1,测试2-2,测试2-3,内荣17242
测试1-1,测试1-2,测试1-3,内荣17263
测试2-1,测试2-2,测试2-3,内荣17284
测试1-1,测试1-2,测试1-3,内荣17305
测试2-1,测试2-2,测试2-3,内荣17326
测试1-1,测试1-2,测试1-3,内荣17347
测试2-1,测试2-2,测试2-3,内荣17368
测试1-1,测试1-2,测试1-3,内荣17389
测试2-1,测试2-2,测试2-3,内荣17410
测试1-1,测试1-2,测试1-3,内荣17431
测试2-1,测试2-2,测试2-3,内荣17452
测试1-1,测试1-2,测试1-3,内荣17473
测试2-1,测试2-2,测试2-3,内荣17494
测试1-1,测试1-2,测试1-3,内荣17515
测试2-1,测试2-2,测试2-3,内荣17536
测试1-1,测试1-2,测试1-3,内荣17557
测试2-1,测试2-2,测试2-3,内荣17578
测试1-1,测试1-2,测试1-3,内荣17599
测试2-1,测试2-2,测试2-3,内荣17620
测试1-1,测试1-2,测试1-3,内荣17641
测试2-1,测试2-2,测试2-3,内荣17662
测试1-1,测试1-2,测试1-3,内荣17683
测试2-1,测试2-2,测试2-3,内荣17704
测试1-1,测试1-2,测试1-3,内荣17725
测试2-1,测试2-2,测试2-3,内荣17746
测试1-1,测试1-2,测试1-3,内荣17767
测试2-1,测试2-2,测试2-3,内荣17788
测试1-1,测试1-2,测试1-3,内荣17809
测试2-1,测试2-2,测试2-3,内荣17830
测试1-1,测试1-2,测试1-3,内荣17851
测试2-1,测试2-2,测试2-3,内荣17872
测试1-1,测试1-2,测试1-3,内荣17893
测试2-1,测试2-2,测试2-3,内荣17914
测试1-1,测试1-2,测试1-3,内荣17935
测试2-1,测试2-2,测试2-3,内荣17956
测试1-1,测试1-2,测试1-3,内荣17977
测试2-1,测试2-2,测试2-3,内荣17998
测试1-1,测试1-2,测试1-3,内荣18019
测试2-1,测试2-2,测试2-3,内荣18040
测试1-1,测试1-2,测试1-3,内荣18061
测试2-1,测试2-2,测试2-3,内荣18082
测试1-1,测试1-2,测试1-3,内荣18103
测试2-1,测试2-2,测试2-3,内荣18124
测试1-1,测试1-2,测试1-3,内荣18145
测试2-1,测试2-2,测试2-3,内荣18166
测试1-1,测试1-2,测试1-3,内荣18187
测试2-1,测试2-2,测试2-3,内荣18208
测试1-1,测试1-2,测试1-3,内荣18229
测试2-1,测试2-2,测试2-3,内荣18250
测试1-1,测试1-2,测试1-3,内荣18271
测试2-1,测试2-2,测试2-3,内荣18292
测试1-1,测试1-2,测试1-3,内荣18313
测试2-1,测试2-2,测试2-3,内荣18334
测试1-1,测试1-2,测试1-3,内荣18355
测试2-1,测试2-2,测试2-3,内荣18376
测试1-1,测试1-2,测试1-3,内荣18397
测试2-1,测试2-2,测试2-3,内荣18418
测试1-1,测试1-2,测试1-3,内荣18439
测试2-1,测试2-2,测试2-3,内荣18460
测试1-1,测试1-2,测试1-3,内荣18481
测试2-1,测试2-2,测试2-3,内荣18502
测试1-1,测试1-2,测试1-3,内荣18523
测试2-1,测试2-2,测试2-3,内荣18544
测试1-1,测试1-2,测试1-3,内荣18565
测试2-1,测试2-2,测试2-3,内荣18586
测试1-1,测试1-2,测试1-3,内荣18607
测试2-1,测试2-2,测试2-3,内荣18628
测试1-1,测试1-2,测试1-3,内荣18649
测试2-1,测试2-2,测试2-3,内荣18670
测试1-1,测试1-2,测试1-3,内荣18691
测试2-1,测试2-2,测试2-3,内荣18712
测试1-1,测试1-2,测试1-3,内荣18733
测试2-1,测试2-2,测试2-3,内荣18754
测试1-1,测试1-2,测试1-3,内荣18775
测试2-1,测试2-2,测试2-3,内荣18796
测试1-1,测试1-2,测试1-3,内荣18817
测试2-1,测试2-2,测试2-3,内荣18838
测试1-1,测试1-2,测试1-3,内荣18859
测试2-1,测试2-2,测试2-3,内荣18880
测试1-1,测试1-2,测试1-3,内荣18901
测试2-1,测试2-2,测试2-3,内荣18922
测试1-1,测试1-2,测试1-3,内荣18943
测试2-1,测试2-2,测试2-3,内荣18964
测试1-1,测试1-2,测试1-3,内荣18985
测试2-1,测试2-2,测试2-3,内荣19006
测试1-1,测试1-2,测试1-3,内荣19027
测试2-1,测试2-2,测试2-3,内荣19048
测试1-1,测试1-2,测试1-3,内荣19069
测试2-1,测试2-2,测试2-3,内荣19090
测试1-1,测试1-2,测试1-3,内荣19111
测试2-1,测试2-2,测试2-3,内荣19132
测试1-1,测试1-2,测试1-3,内荣19153
测试2-1,测试2-2,测试2-3,内荣19174
测试1-1,测试1-2,测试1-3,内荣19195
测试2-1,测试2-2,测试2-3,内荣19216
测试1-1,测试1-2,测试1-3,内荣19237
测试2-1,测试2-2,测试2-3,内荣19258
测试1-1,测试1-2,测试1-3,内荣19279
测试2-1,测试2-2,测试2-3,内荣19300
测试1-1,测试1-2,测试1-3,内荣19321
测试2-1,测试2-2,测试2-3,内荣19342
测试1-1,测试1-2,测试1-3,内荣19363
测试2-1,测试2-2,测试2-3,内荣19384
测试1-1,测试1-2,测试1-3,内荣19405
测试2-1,测试2-2,测试2-3,内荣19426
测试1-1,测试1-2,测试1-3,内荣19447
测试2-1,测试2-2,测试2-3,内荣19468
测试1-1,测试1-2,测试1-3,内荣19489
测试2-1,测试2-2,测试2-3,内荣19510
测试1-1,测试1-2,测试1-3,内荣19531
测试2-1,测试2-2,测试2-3,内荣19552
测试1-1,测试1-2,测试1-3,内荣19573
测试2-1,测试2-2,测试2-3,内荣19594
测试1-1,测试1-2,测试1-3,内荣19615
测试2-1,测试2-2,测试2-3,内荣19636
测试1-1,测试1-2,测试1-3,内荣19657
测试2-1,测试2-2,测试2-3,内荣19678
测试1-1,测试1-2,测试1-3,内荣19699
测试2-1,测试2-2,测试2-3,内荣19720
测试1-1,测试1-2,测试1-3,内荣19741
测试2-1,测试2-2,测试2-3,内荣19762
测试1-1,测试1-2,测试1-3,内荣19783
测试2-1,测试2-2,测试2-3,内荣19804
测试1-1,测试1-2,测试1-3,内荣19825
测试2-1,测试2-2,测试2-3,内荣19846
测试1-1,测试1-2,测试1-3,内荣19867
测试2-1,测试2-2,测试2-3,内荣19888
测试1-1,测试1-2,测试1-3,内荣19909
测试2-1,测试2-2,测试2-3,内荣19930
测试1-1,测试1-2,测试1-3,内荣19951
测试2-1,测试2-2,测试2-3,内荣19972
测试1-1,测试1-2,测试1-3,内荣19993
测试2-1,测试2-2,测试2-3,内荣20014
测试1-1,测试1-2,测试1-3,内荣20035
测试2-1,测试2-2,测试2-3,内荣20056
测试1-1,测试1-2,测试1-3,内荣20077
测试2-1,测试2-2,测试2-3,内荣20098
测试1-1,测试1-2,测试1-3,内荣20119
测试2-1,测试2-2,测试2-3,内荣20140
测试1-1,测试1-2,测试1-3,内荣20161
测试2-1,测试2-2,测试2-3,内荣20182
测试1-1,测试1-2,测试1-3,内荣20203
测试2-1,测试2-2,测试2-3,内荣20224
测试1-1,测试1-2,测试1-3,内荣20245
测试2-1,测试2-2,测试2-3,内荣20266
测试1-1,测试1-2,测试1-3,内荣20287
测试2-1,测试2-2,测试2-3,内荣20308
测试1-1,测试1-2,测试1-3,内荣20329
测试2-1,测试2-2,测试2-3,内荣20350
测试1-1,测试1-2,测试1-3,内荣20371
测试2-1,测试2-2,测试2-3,内荣20392
测试1-1,测试1-2,测试1-3,内荣20413
测试2-1,测试2-2,测试2-3,内荣20434
测试1-1,测试1-2,测试1-3,内荣20455
测试2-1,测试2-2,测试2-3,内荣20476
测试1-1,测试1-2,测试1-3,内荣20497
测试2-1,测试2-2,测试2-3,内荣20518
测试1-1,测试1-2,测试1-3,内荣20539
测试2-1,测试2-2,测试2-3,内荣20560
测试1-1,测试1-2,测试1-3,内荣20581
测试2-1,测试2-2,测试2-3,内荣20602
测试1-1,测试1-2,测试1-3,内荣20623
测试2-1,测试2-2,测试2-3,内荣20644
测试1-1,测试1-2,测试1-3,内荣20665
测试2-1,测试2-2,测试2-3,内荣20686
测试1-1,测试1-2,测试1-3,内荣20707
测试2-1,测试2-2,测试2-3,内荣20728
测试1-1,测试1-2,测试1-3,内荣20749
测试2-1,测试2-2,测试2-3,内荣20770
测试1-1,测试1-2,测试1-3,内荣20791
测试2-1,测试2-2,测试2-3,内荣20812
测试1-1,测试1-2,测试1-3,内荣20833
测试2-1,测试2-2,测试2-3,内荣20854
测试1-1,测试1-2,测试1-3,内荣20875
测试2-1,测试2-2,测试2-3,内荣20896
测试1-1,测试1-2,测试1-3,内荣20917
测试2-1,测试2-2,测试2-3,内荣20938
测试1-1,测试1-2,测试1-3,内荣20959
测试2-1,测试2-2,测试2-3,内荣20980
测试1-1,测试1-2,测试1-3,内荣21001
测试2-1,测试2-2,测试2-3,内荣21022
测试1-1,测试1-2,测试1-3,内荣21043
测试2-1,测试2-2,测试2-3,内荣21064
测试1-1,测试1-2,测试1-3,内荣21085
测试2-1,测试2-2,测试2-3,内荣21106
测试1-1,测试1-2,测试1-3,内荣21127
测试2-1,测试2-2,测试2-3,内荣21148
测试1-1,测试1-2,测试1-3,内荣21169
测试2-1,测试2-2,测试2-3,内荣21190
测试1-1,测试1-2,测试1-3,内荣21211
测试2-1,测试2-2,测试2-3,内荣21232
测试1-1,测试1-2,测试1-3,内荣21253
测试2-1,测试2-2,测试2-3,内荣21274
测试1-1,测试1-2,测试1-3,内荣21295
测试2-1,测试2-2,测试2-3,内荣21316
测试1-1,测试1-2,测试1-3,内荣21337
测试2-1,测试2-2,测试2-3,内荣21358
测试1-1,测试1-2,测试1-3,内荣21379
测试2-1,测试2-2,测试2-3,内荣21400
测试1-1,测试1-2,测试1-3,内荣21421
测试2-1,测试2-2,测试2-3,内荣21442
测试1-1,测试1-2,测试1-3,内荣21463
测试2-1,测试2-2,测试2-3,内荣21484
测试1-1,测试1-2,测试1-3,内荣21505
测试2-1,测试2-2,测试2-3,内荣21526
测试1-1,测试1-2,测试1-3,内荣21547
测试2-1,测试2-2,测试2-3,内荣21568
测试1-1,测试1-2,测试1-3,内荣21589
测试2-1,测试2-2,测试2-3,内荣21610
测试1-1,测试1-2,测试1-3,内荣21631
测试2-1,测试2-2,测试2-3,内荣21652
测试1-1,测试1-2,测试1-3,内荣21673
测试2-1,测试2-2,测试2-3,内荣21694
测试1-1,测试1-2,测试1-3,内荣21715
测试2-1,测试2-2,测试2-3,内荣21736
测试1-1,测试1-2,测试1-3,内荣21757
测试2-1,测试2-2,测试2-3,内荣21778
测试1-1,测试1-2,测试1-3,内荣21799
测试2-1,测试2-2,测试2-3,内荣21820
测试1-1,测试1-2,测试1-3,内荣21841
测试2-1,测试2-2,测试2-3,内荣21862
测试1-1,测试1-2,测试1-3,内荣21883
测试2-1,测试2-2,测试2-3,内荣21904
测试1-1,测试1-2,测试1-3,内荣21925
测试2-1,测试2-2,测试2-3,内荣21946
测试1-1,测试1-2,测试1-3,内荣21967
测试2-1,测试2-2,测试2-3,内荣21988
测试1-1,测试1-2,测试1-3,内荣22009
测试2-1,测试2-2,测试2-3,内荣22030
测试1-1,测试1-2,测试1-3,内荣22051
测试2-1,测试2-2,测试2-3,内荣22072
测试1-1,测试1-2,测试1-3,内荣22093
测试2-1,测试2-2,测试2-3,内荣22114
测试1-1,测试1-2,测试1-3,内荣22135
测试2-1,测试2-2,测试2-3,内荣22156
测试1-1,测试1-2,测试1-3,内荣22177
测试2-1,测试2-2,测试2-3,内荣22198
测试1-1,测试1-2,测试1-3,内荣22219
测试2-1,测试2-2,测试2-3,内荣22240
测试1-1,测试1-2,测试1-3,内荣22261
测试2-1,测试2-2,测试2-3,内荣22282
测试1-1,测试1-2,测试1-3,内荣22303
测试2-1,测试2-2,测试2-3,内荣22324
测试1-1,测试1-2,测试1-3,内荣22345
测试2-1,测试2-2,测试2-3,内荣22366
测试1-1,测试1-2,测试1-3,内荣22387
测试2-1,测试2-2,测试2-3,内荣22408
测试1-1,测试1-2,测试1-3,内荣22429
测试2-1,测试2-2,测试2-3,内荣22450
测试1-1,测试1-2,测试1-3,内荣22471
测试2-1,测试2-2,测试2-3,内荣22492
测试1-1,测试1-2,测试1-3,内荣22513
测试2-1,测试2-2,测试2-3,内荣22534
测试1-1,测试1-2,测试1-3,内荣22555
测试2-1,测试2-2,测试2-3,内荣22576
测试1-1,测试1-2,测试1-3,内荣22597
测试2-1,测试2-2,测试2-3,内荣22618
测试1-1,测试1-2,测试1-3,内荣22639
测试2-1,测试2-2,测试2-3,内荣22660
测试1-1,测试1-2,测试1-3,内荣22681
测试2-1,测试2-2,测试2-3,内荣22702
测试1-1,测试1-2,测试1-3,内荣22723
测试2-1,测试2-2,测试2-3,内荣22744
测试1-1,测试1-2,测试1-3,内荣22765
测试2-1,测试2-2,测试2-3,内荣22786
测试1-1,测试1-2,测试1-3,内荣22807
测试2-1,测试2-2,测试2-3,内荣22828
测试1-1,测试1-2,测试1-3,内荣22849
测试2-1,测试2-2,测试2-3,内荣22870
测试1-1,测试1-2,测试1-3,内荣22891
测试2-1,测试2-2,测试2-3,内荣22912
测试1-1,测试1-2,测试1-3,内荣22933
测试2-1,测试2-2,测试2-3,内荣22954
测试1-1,测试1-2,测试1-3,内荣22975
测试2-1,测试2-2,测试2-3,内荣22996
测试1-1,测试1-2,测试1-3,内荣23017
测试2-1,测试2-2,测试2-3,内荣23038
测试1-1,测试1-2,测试1-3,内荣23059
测试2-1,测试2-2,测试2-3,内荣23080
测试1-1,测试1-2,测试1-3,内荣23101
测试2-1,测试2-2,测试2-3,内荣23122
测试1-1,测试1-2,测试1-3,内荣23143
测试2-1,测试2-2,测试2-3,内荣23164
测试1-1,测试1-2,测试1-3,内荣23185
测试2-1,测试2-2,测试2-3,内荣23206
测试1-1,测试1-2,测试1-3,内荣23227
测试2-1,测试2-2,测试2-3,内荣23248
测试1-1,测试1-2,测试1-3,内荣23269
测试2-1,测试2-2,测试2-3,内荣23290
测试1-1,测试1-2,测试1-3,内荣23311
测试2-1,测试2-2,测试2-3,内荣23332
测试1-1,测试1-2,测试1-3,内荣23353
测试2-1,测试2-2,测试2-3,内荣23374
测试1-1,测试1-2,测试1-3,内荣23395
测试2-1,测试2-2,测试2-3,内荣23416
测试1-1,测试1-2,测试1-3,内荣23437
测试2-1,测试2-2,测试2-3,内荣23458
测试1-1,测试1-2,测试1-3,内荣23479
测试2-1,测试2-2,测试2-3,内荣23500
测试1-1,测试1-2,测试1-3,内荣23521
测试2-1,测试2-2,测试2-3,内荣23542
测试1-1,测试1-2,测试1-3,内荣23563
测试2-1,测试2-2,测试2-3,内荣23584
测试1-1,测试1-2,测试1-3,内荣23605
测试2-1,测试2-2,测试2-3,内荣23626
测试1-1,测试1-2,测试1-3,内荣23647
测试2-1,测试2-2,测试2-3,内荣23668
测试1-1,测试1-2,测试1-3,内荣23689
测试2-1,测试2-2,测试2-3,内荣23710
测试1-1,测试1-2,测试1-3,内荣23731
测试2-1,测试2-2,测试2-3,内荣23752
测试1-1,测试1-2,测试1-3,内荣23773
测试2-1,测试2-2,测试2-3,内荣23794
测试1-1,测试1-2,测试1-3,内荣23815
测试2-1,测试2-2,测试2-3,内荣23836
测试1-1,测试1-2,测试1-3,内荣23857
测试2-1,测试2-2,测试2-3,内荣23878
测试1-1,测试1-2,测试1-3,内荣23899
测试2-1,测试2-2,测试2-3,内荣23920
测试1-1,测试1-2,测试1-3,内荣23941
测试2-1,测试2-2,测试2-3,内荣23962